{
    "swagger": "2.0",
    "info": {
        "description": "API Server for EMP backend application",
        "title": "EMP Back",
        "contact": {},
        "version": "1.0.0"
    },
    "host": "localhost:8000",
    "basePath": "/",
    "paths": {
        "/api/module": {
            "get": {
                "security": [
                    {
                        "ApiKeyAuth": []
                    }
                ],
                "consumes": [
                    "application/json"
                ],
                "produces": [
                    "application/json"
                ],
                "tags": [
                    "module"
                ],
                "summary": "get all modules",
                "responses": {
                    "200": {
                        "description": "OK",
                        "schema": {
                            "$ref": "#/definitions/handler.getAllModulesResponse"
                        }
                    },
                    "400": {
                        "description": "Bad Request",
                        "schema": {
                            "$ref": "#/definitions/response.Response"
                        }
                    },
                    "404": {
                        "description": "Not Found",
                        "schema": {
                            "$ref": "#/definitions/response.Response"
                        }
                    },
                    "500": {
                        "description": "Internal Server Error",
                        "schema": {
                            "$ref": "#/definitions/response.Response"
                        }
                    },
                    "default": {
                        "description": "",
                        "schema": {
                            "$ref": "#/definitions/response.Response"
                        }
                    }
                }
            },
            "post": {
                "security": [
                    {
                        "ApiKeyAuth": []
                    }
                ],
                "consumes": [
                    "application/json"
                ],
                "produces": [
                    "application/json"
                ],
                "tags": [
                    "module"
                ],
                "summary": "create module",
                "parameters": [
                    {
                        "description": "module",
                        "name": "input",
                        "in": "body",
                        "required": true,
                        "schema": {
                            "$ref": "#/definitions/models.Module"
                        }
                    }
                ],
                "responses": {
                    "201": {
                        "description": "Created",
                        "schema": {
                            "$ref": "#/definitions/response.Response"
                        }
                    },
                    "400": {
                        "description": "Bad Request",
                        "schema": {
                            "$ref": "#/definitions/response.Response"
                        }
                    },
                    "404": {
                        "description": "Not Found",
                        "schema": {
                            "$ref": "#/definitions/response.Response"
                        }
                    },
                    "500": {
                        "description": "Internal Server Error",
                        "schema": {
                            "$ref": "#/definitions/response.Response"
                        }
                    },
                    "default": {
                        "description": "",
                        "schema": {
                            "$ref": "#/definitions/response.Response"
                        }
                    }
                }
            }
        },
        "/api/module/data": {
            "get": {
                "security": [
                    {
                        "ApiKeyAuth": []
                    }
                ],
                "description": "Get all module data",
                "consumes": [
                    "application/json"
                ],
                "produces": [
                    "application/json"
                ],
                "tags": [
                    "ModuleData"
                ],
                "summary": "Get all module data",
                "parameters": [
                    {
                        "description": "Get all module data by date",
                        "name": "input",
                        "in": "body",
                        "required": true,
                        "schema": {
                            "$ref": "#/definitions/handler.getModuleDataRequest"
                        }
                    }
                ],
                "responses": {
                    "200": {
                        "description": "OK",
                        "schema": {
                            "$ref": "#/definitions/handler.getAllModuleDataResponse"
                        }
                    }
                }
            },
            "post": {
                "security": [
                    {
                        "ApiKeyAuth": []
                    }
                ],
                "description": "Create module data",
                "consumes": [
                    "application/json"
                ],
                "produces": [
                    "application/json"
                ],
                "tags": [
                    "ModuleData"
                ],
                "summary": "Create module data",
                "parameters": [
                    {
                        "description": "Create module data",
                        "name": "input",
                        "in": "body",
                        "required": true,
                        "schema": {
                            "$ref": "#/definitions/models.ModuleData"
                        }
                    }
                ],
                "responses": {
                    "201": {
                        "description": "Created",
                        "schema": {
                            "$ref": "#/definitions/response.Response"
                        }
                    }
                }
            }
        },
        "/api/module/setting": {
            "get": {
                "security": [
                    {
                        "ApiKeyAuth": []
                    }
                ],
                "description": "Get module setting",
                "consumes": [
                    "application/json"
                ],
                "produces": [
                    "application/json"
                ],
                "tags": [
                    "Setting"
                ],
                "summary": "Get module setting",
                "responses": {
                    "200": {
                        "description": "OK",
                        "schema": {
                            "$ref": "#/definitions/response.Response"
                        }
                    },
                    "400": {
                        "description": "Bad Request",
                        "schema": {
                            "$ref": "#/definitions/response.Response"
                        }
                    },
                    "500": {
                        "description": "Internal Server Error",
                        "schema": {
                            "$ref": "#/definitions/response.Response"
                        }
                    },
                    "default": {
                        "description": "",
                        "schema": {
                            "$ref": "#/definitions/response.Response"
                        }
                    }
                }
            },
            "put": {
                "security": [
                    {
                        "ApiKeyAuth": []
                    }
                ],
                "description": "Update module setting",
                "consumes": [
                    "application/json"
                ],
                "produces": [
                    "application/json"
                ],
                "tags": [
                    "Setting"
                ],
                "summary": "Update module setting",
                "parameters": [
                    {
                        "description": "Update module setting",
                        "name": "input",
                        "in": "body",
                        "required": true,
                        "schema": {
                            "$ref": "#/definitions/models.Setting"
                        }
                    }
                ],
                "responses": {
                    "200": {
                        "description": "OK",
                        "schema": {
                            "$ref": "#/definitions/response.Response"
                        }
                    },
                    "400": {
                        "description": "Bad Request",
                        "schema": {
                            "$ref": "#/definitions/response.Response"
                        }
                    },
                    "500": {
                        "description": "Internal Server Error",
                        "schema": {
                            "$ref": "#/definitions/response.Response"
                        }
                    },
                    "default": {
                        "description": "",
                        "schema": {
                            "$ref": "#/definitions/response.Response"
                        }
                    }
                }
            },
            "post": {
                "security": [
                    {
                        "ApiKeyAuth": []
                    }
                ],
                "description": "Create module setting",
                "consumes": [
                    "application/json"
                ],
                "produces": [
                    "application/json"
                ],
                "tags": [
                    "Setting"
                ],
                "summary": "Create module setting",
                "parameters": [
                    {
                        "description": "Create module setting",
                        "name": "input",
                        "in": "body",
                        "required": true,
                        "schema": {
                            "$ref": "#/definitions/models.Setting"
                        }
                    }
                ],
                "responses": {
                    "201": {
                        "description": "Created",
                        "schema": {
                            "$ref": "#/definitions/response.Response"
                        }
                    },
                    "400": {
                        "description": "Bad Request",
                        "schema": {
                            "$ref": "#/definitions/response.Response"
                        }
                    },
                    "500": {
                        "description": "Internal Server Error",
                        "schema": {
                            "$ref": "#/definitions/response.Response"
                        }
                    },
                    "default": {
                        "description": "",
                        "schema": {
                            "$ref": "#/definitions/response.Response"
                        }
                    }
                }
            }
        },
        "/api/module/{id}": {
            "get": {
                "security": [
                    {
                        "ApiKeyAuth": []
                    }
                ],
                "consumes": [
                    "application/json"
                ],
                "produces": [
                    "application/json"
                ],
                "tags": [
                    "module"
                ],
                "summary": "get module by id",
                "parameters": [
                    {
                        "type": "integer",
                        "description": "id",
                        "name": "id",
                        "in": "path",
                        "required": true
                    }
                ],
                "responses": {
                    "200": {
                        "description": "OK",
                        "schema": {
                            "$ref": "#/definitions/models.Module"
                        }
                    },
                    "400": {
                        "description": "Bad Request",
                        "schema": {
                            "$ref": "#/definitions/response.Response"
                        }
                    },
                    "404": {
                        "description": "Not Found",
                        "schema": {
                            "$ref": "#/definitions/response.Response"
                        }
                    },
                    "500": {
                        "description": "Internal Server Error",
                        "schema": {
                            "$ref": "#/definitions/response.Response"
                        }
                    },
                    "default": {
                        "description": "",
                        "schema": {
                            "$ref": "#/definitions/response.Response"
                        }
                    }
                }
            },
            "put": {
                "security": [
                    {
                        "ApiKeyAuth": []
                    }
                ],
                "consumes": [
                    "application/json"
                ],
                "produces": [
                    "application/json"
                ],
                "tags": [
                    "module"
                ],
                "summary": "update module",
                "parameters": [
                    {
                        "type": "integer",
                        "description": "id",
                        "name": "id",
                        "in": "path",
                        "required": true
                    },
                    {
                        "description": "module",
                        "name": "input",
                        "in": "body",
                        "required": true,
                        "schema": {
                            "$ref": "#/definitions/models.UpdateModuleInput"
                        }
                    }
                ],
                "responses": {
                    "200": {
                        "description": "OK",
                        "schema": {
                            "$ref": "#/definitions/response.Response"
                        }
                    },
                    "400": {
                        "description": "Bad Request",
                        "schema": {
                            "$ref": "#/definitions/response.Response"
                        }
                    },
                    "404": {
                        "description": "Not Found",
                        "schema": {
                            "$ref": "#/definitions/response.Response"
                        }
                    },
                    "500": {
                        "description": "Internal Server Error",
                        "schema": {
                            "$ref": "#/definitions/response.Response"
                        }
                    },
                    "default": {
                        "description": "",
                        "schema": {
                            "$ref": "#/definitions/response.Response"
                        }
                    }
                }
            },
            "delete": {
                "security": [
                    {
                        "ApiKeyAuth": []
                    }
                ],
                "consumes": [
                    "application/json"
                ],
                "produces": [
                    "application/json"
                ],
                "tags": [
                    "module"
                ],
                "summary": "delete module",
                "parameters": [
                    {
                        "type": "integer",
                        "description": "id",
                        "name": "id",
                        "in": "path",
                        "required": true
                    }
                ],
                "responses": {
                    "200": {
                        "description": "OK",
                        "schema": {
                            "$ref": "#/definitions/response.Response"
                        }
                    },
                    "400": {
                        "description": "Bad Request",
                        "schema": {
                            "$ref": "#/definitions/response.Response"
                        }
                    },
                    "404": {
                        "description": "Not Found",
                        "schema": {
                            "$ref": "#/definitions/response.Response"
                        }
                    },
                    "500": {
                        "description": "Internal Server Error",
                        "schema": {
                            "$ref": "#/definitions/response.Response"
                        }
                    },
                    "default": {
                        "description": "",
                        "schema": {
                            "$ref": "#/definitions/response.Response"
                        }
                    }
                }
            }
        },
        "/api/plant-family": {
            "get": {
                "security": [
                    {
                        "ApiKeyAuth": []
                    }
                ],
                "description": "Get all plant families",
                "consumes": [
                    "application/json"
                ],
                "produces": [
                    "application/json"
                ],
                "tags": [
                    "PlantFamily"
                ],
                "summary": "Get all plant families",
                "responses": {
                    "200": {
                        "description": "OK",
                        "schema": {
                            "$ref": "#/definitions/handler.getAllPlantFamiliesResponse"
                        }
                    },
                    "400": {
                        "description": "Bad Request",
                        "schema": {
                            "$ref": "#/definitions/response.Response"
                        }
                    },
                    "404": {
                        "description": "Not Found",
                        "schema": {
                            "$ref": "#/definitions/response.Response"
                        }
                    },
                    "500": {
                        "description": "Internal Server Error",
                        "schema": {
                            "$ref": "#/definitions/response.Response"
                        }
                    },
                    "default": {
                        "description": "",
                        "schema": {
                            "$ref": "#/definitions/response.Response"
                        }
                    }
                }
            },
            "post": {
                "security": [
                    {
                        "ApiKeyAuth": []
                    }
                ],
                "description": "Create a new plant family",
                "consumes": [
                    "application/json"
                ],
                "produces": [
                    "application/json"
                ],
                "tags": [
                    "PlantFamily"
                ],
                "summary": "Create a new plant family",
                "parameters": [
                    {
                        "description": "Plant Family",
                        "name": "input",
                        "in": "body",
                        "required": true,
                        "schema": {
                            "$ref": "#/definitions/models.PlantFamily"
                        }
                    }
                ],
                "responses": {
                    "201": {
                        "description": "Created",
                        "schema": {
                            "$ref": "#/definitions/response.Response"
                        }
                    },
                    "400": {
                        "description": "Bad Request",
                        "schema": {
                            "$ref": "#/definitions/response.Response"
                        }
                    },
                    "404": {
                        "description": "Not Found",
                        "schema": {
                            "$ref": "#/definitions/response.Response"
                        }
                    },
                    "500": {
                        "description": "Internal Server Error",
                        "schema": {
                            "$ref": "#/definitions/response.Response"
                        }
                    },
                    "default": {
                        "description": "",
                        "schema": {
                            "$ref": "#/definitions/response.Response"
                        }
                    }
                }
            }
        },
        "/api/plant-family/{id}": {
            "get": {
                "security": [
                    {
                        "ApiKeyAuth": []
                    }
                ],
                "description": "Get plant family by id",
                "consumes": [
                    "application/json"
                ],
                "produces": [
                    "application/json"
                ],
                "tags": [
                    "PlantFamily"
                ],
                "summary": "Get plant family by id",
                "parameters": [
                    {
                        "type": "integer",
                        "description": "Plant Family ID",
                        "name": "id",
                        "in": "path",
                        "required": true
                    }
                ],
                "responses": {
                    "200": {
                        "description": "OK",
                        "schema": {
                            "$ref": "#/definitions/models.PlantFamily"
                        }
                    },
                    "400": {
                        "description": "Bad Request",
                        "schema": {
                            "$ref": "#/definitions/response.Response"
                        }
                    },
                    "404": {
                        "description": "Not Found",
                        "schema": {
                            "$ref": "#/definitions/response.Response"
                        }
                    },
                    "500": {
                        "description": "Internal Server Error",
                        "schema": {
                            "$ref": "#/definitions/response.Response"
                        }
                    },
                    "default": {
                        "description": "",
                        "schema": {
                            "$ref": "#/definitions/response.Response"
                        }
                    }
                }
            },
            "put": {
                "security": [
                    {
                        "ApiKeyAuth": []
                    }
                ],
                "description": "Update plant family by id",
                "consumes": [
                    "application/json"
                ],
                "produces": [
                    "application/json"
                ],
                "tags": [
                    "PlantFamily"
                ],
                "summary": "Update plant family by id",
                "parameters": [
                    {
                        "type": "integer",
                        "description": "Plant Family ID",
                        "name": "id",
                        "in": "path",
                        "required": true
                    },
                    {
                        "description": "Plant Family",
                        "name": "input",
                        "in": "body",
                        "required": true,
                        "schema": {
                            "$ref": "#/definitions/models.PlantFamily"
                        }
                    }
                ],
                "responses": {
                    "200": {
                        "description": "OK",
                        "schema": {
                            "$ref": "#/definitions/response.Response"
                        }
                    },
                    "400": {
                        "description": "Bad Request",
                        "schema": {
                            "$ref": "#/definitions/response.Response"
                        }
                    },
                    "404": {
                        "description": "Not Found",
                        "schema": {
                            "$ref": "#/definitions/response.Response"
                        }
                    },
                    "500": {
                        "description": "Internal Server Error",
                        "schema": {
                            "$ref": "#/definitions/response.Response"
                        }
                    },
                    "default": {
                        "description": "",
                        "schema": {
                            "$ref": "#/definitions/response.Response"
                        }
                    }
                }
            },
            "delete": {
                "security": [
                    {
                        "ApiKeyAuth": []
                    }
                ],
                "description": "Delete plant family by id",
                "consumes": [
                    "application/json"
                ],
                "produces": [
                    "application/json"
                ],
                "tags": [
                    "PlantFamily"
                ],
                "summary": "Delete plant family by id",
                "parameters": [
                    {
                        "type": "integer",
                        "description": "Plant Family ID",
                        "name": "id",
                        "in": "path",
                        "required": true
                    }
                ],
                "responses": {
                    "200": {
                        "description": "OK",
                        "schema": {
                            "$ref": "#/definitions/response.Response"
                        }
                    },
                    "400": {
                        "description": "Bad Request",
                        "schema": {
                            "$ref": "#/definitions/response.Response"
                        }
                    },
                    "404": {
                        "description": "Not Found",
                        "schema": {
                            "$ref": "#/definitions/response.Response"
                        }
                    },
                    "500": {
                        "description": "Internal Server Error",
                        "schema": {
                            "$ref": "#/definitions/response.Response"
                        }
                    },
                    "default": {
                        "description": "",
                        "schema": {
                            "$ref": "#/definitions/response.Response"
                        }
                    }
                }
            }
        },
        "/api/recommendation": {
            "get": {
                "security": [
                    {
                        "ApiKeyAuth": []
                    }
                ],
                "description": "Get all recommendations",
                "consumes": [
                    "application/json"
                ],
                "produces": [
                    "application/json"
                ],
                "tags": [
                    "Recommendation"
                ],
                "summary": "Get all recommendations",
                "responses": {
                    "200": {
                        "description": "OK",
                        "schema": {
                            "$ref": "#/definitions/handler.getAllRecommendationsResponse"
                        }
                    },
                    "400": {
                        "description": "Bad Request",
                        "schema": {
                            "$ref": "#/definitions/response.Response"
                        }
                    },
                    "404": {
                        "description": "Not Found",
                        "schema": {
                            "$ref": "#/definitions/response.Response"
                        }
                    },
                    "500": {
                        "description": "Internal Server Error",
                        "schema": {
                            "$ref": "#/definitions/response.Response"
                        }
                    },
                    "default": {
                        "description": "",
                        "schema": {
                            "$ref": "#/definitions/response.Response"
                        }
                    }
                }
            },
            "post": {
                "security": [
                    {
                        "ApiKeyAuth": []
                    }
                ],
                "description": "Create a new recommendation",
                "consumes": [
                    "application/json"
                ],
                "produces": [
                    "application/json"
                ],
                "tags": [
                    "Recommendation"
                ],
                "summary": "Create a new recommendation",
                "parameters": [
                    {
                        "description": "Create a new recommendation",
                        "name": "input",
                        "in": "body",
                        "required": true,
                        "schema": {
                            "$ref": "#/definitions/models.Recommendation"
                        }
                    }
                ],
                "responses": {
                    "201": {
                        "description": "Created",
                        "schema": {
                            "$ref": "#/definitions/response.Response"
                        }
                    },
                    "400": {
                        "description": "Bad Request",
                        "schema": {
                            "$ref": "#/definitions/response.Response"
                        }
                    },
                    "404": {
                        "description": "Not Found",
                        "schema": {
                            "$ref": "#/definitions/response.Response"
                        }
                    },
                    "500": {
                        "description": "Internal Server Error",
                        "schema": {
                            "$ref": "#/definitions/response.Response"
                        }
                    },
                    "default": {
                        "description": "",
                        "schema": {
                            "$ref": "#/definitions/response.Response"
                        }
                    }
                }
            }
        },
        "/api/recommendation/{id}": {
            "get": {
                "security": [
                    {
                        "ApiKeyAuth": []
                    }
                ],
                "description": "Get a recommendation",
                "consumes": [
                    "application/json"
                ],
                "produces": [
                    "application/json"
                ],
                "tags": [
                    "Recommendation"
                ],
                "summary": "Get a recommendation",
                "parameters": [
                    {
                        "type": "integer",
                        "description": "Recommendation id",
                        "name": "id",
                        "in": "path",
                        "required": true
                    }
                ],
                "responses": {
                    "200": {
                        "description": "OK",
                        "schema": {
                            "$ref": "#/definitions/models.Recommendation"
                        }
                    },
                    "400": {
                        "description": "Bad Request",
                        "schema": {
                            "$ref": "#/definitions/response.Response"
                        }
                    },
                    "404": {
                        "description": "Not Found",
                        "schema": {
                            "$ref": "#/definitions/response.Response"
                        }
                    },
                    "500": {
                        "description": "Internal Server Error",
                        "schema": {
                            "$ref": "#/definitions/response.Response"
                        }
                    },
                    "default": {
                        "description": "",
                        "schema": {
                            "$ref": "#/definitions/response.Response"
                        }
                    }
                }
            },
            "put": {
                "security": [
                    {
                        "ApiKeyAuth": []
                    }
                ],
                "description": "Update a recommendation",
                "consumes": [
                    "application/json"
                ],
                "produces": [
                    "application/json"
                ],
                "tags": [
                    "Recommendation"
                ],
                "summary": "Update a recommendation",
                "parameters": [
                    {
                        "type": "integer",
                        "description": "Recommendation id",
                        "name": "id",
                        "in": "path",
                        "required": true
                    },
                    {
                        "description": "Update a recommendation",
                        "name": "input",
                        "in": "body",
                        "required": true,
                        "schema": {
                            "$ref": "#/definitions/models.Recommendation"
                        }
                    }
                ],
                "responses": {
                    "200": {
                        "description": "OK",
                        "schema": {
                            "$ref": "#/definitions/response.Response"
                        }
                    },
                    "400": {
                        "description": "Bad Request",
                        "schema": {
                            "$ref": "#/definitions/response.Response"
                        }
                    },
                    "404": {
                        "description": "Not Found",
                        "schema": {
                            "$ref": "#/definitions/response.Response"
                        }
                    },
                    "500": {
                        "description": "Internal Server Error",
                        "schema": {
                            "$ref": "#/definitions/response.Response"
                        }
                    },
                    "default": {
                        "description": "",
                        "schema": {
                            "$ref": "#/definitions/response.Response"
                        }
                    }
                }
            },
            "delete": {
                "security": [
                    {
                        "ApiKeyAuth": []
                    }
                ],
                "description": "Delete a recommendation",
                "consumes": [
                    "application/json"
                ],
                "produces": [
                    "application/json"
                ],
                "tags": [
                    "Recommendation"
                ],
                "summary": "Delete a recommendation",
                "parameters": [
                    {
                        "type": "integer",
                        "description": "Recommendation id",
                        "name": "id",
                        "in": "path",
                        "required": true
                    }
                ],
                "responses": {
                    "200": {
                        "description": "OK",
                        "schema": {
                            "$ref": "#/definitions/response.Response"
                        }
                    },
                    "400": {
                        "description": "Bad Request",
                        "schema": {
                            "$ref": "#/definitions/response.Response"
                        }
                    },
                    "404": {
                        "description": "Not Found",
                        "schema": {
                            "$ref": "#/definitions/response.Response"
                        }
                    },
                    "500": {
                        "description": "Internal Server Error",
                        "schema": {
                            "$ref": "#/definitions/response.Response"
                        }
                    },
                    "default": {
                        "description": "",
                        "schema": {
                            "$ref": "#/definitions/response.Response"
                        }
                    }
                }
            }
        },
        "/auth/signin": {
            "post": {
                "description": "login user account",
                "consumes": [
                    "application/json"
                ],
                "produces": [
                    "application/json"
                ],
                "tags": [
                    "Auth"
                ],
                "summary": "SignIn",
                "operationId": "login",
                "parameters": [
                    {
                        "description": "User",
                        "name": "input",
                        "in": "body",
                        "required": true,
                        "schema": {
                            "$ref": "#/definitions/handler.signInInput"
                        }
                    }
                ],
                "responses": {
                    "200": {
                        "description": "OK",
                        "schema": {
                            "$ref": "#/definitions/response.Response"
                        }
                    },
                    "400": {
                        "description": "Bad Request",
                        "schema": {
                            "$ref": "#/definitions/response.Response"
                        }
                    },
                    "500": {
                        "description": "Internal Server Error",
                        "schema": {
                            "$ref": "#/definitions/response.Response"
                        }
                    }
                }
            }
        },
        "/auth/signup": {
            "post": {
                "description": "create user account",
                "consumes": [
                    "application/json"
                ],
                "produces": [
                    "application/json"
                ],
                "tags": [
                    "Auth"
                ],
                "summary": "SignUp",
                "operationId": "create-account",
                "parameters": [
                    {
                        "description": "User",
                        "name": "input",
                        "in": "body",
                        "required": true,
                        "schema": {
                            "$ref": "#/definitions/models.User"
                        }
                    }
                ],
                "responses": {
                    "200": {
                        "description": "OK",
                        "schema": {
                            "$ref": "#/definitions/response.Response"
                        }
                    },
                    "400": {
                        "description": "Bad Request",
                        "schema": {
                            "$ref": "#/definitions/response.Response"
                        }
                    },
                    "500": {
                        "description": "Internal Server Error",
                        "schema": {
                            "$ref": "#/definitions/response.Response"
                        }
                    }
                }
            }
        }
    },
    "definitions": {
        "handler.getAllModuleDataResponse": {
            "type": "object",
            "properties": {
                "module_data": {
                    "type": "array",
                    "items": {
                        "$ref": "#/definitions/models.ModuleData"
                    }
                }
            }
        },
        "handler.getAllModulesResponse": {
            "type": "object",
            "properties": {
                "modules": {
                    "type": "array",
                    "items": {
                        "$ref": "#/definitions/models.Module"
                    }
                }
            }
        },
        "handler.getAllPlantFamiliesResponse": {
            "type": "object",
            "properties": {
                "plant_family": {
                    "type": "array",
                    "items": {
                        "$ref": "#/definitions/models.PlantFamily"
                    }
                }
            }
        },
        "handler.getAllRecommendationsResponse": {
            "type": "object",
            "properties": {
                "recommendations": {
                    "type": "array",
                    "items": {
                        "$ref": "#/definitions/models.Recommendation"
                    }
                }
            }
        },
        "handler.getModuleDataRequest": {
            "type": "object"
        },
        "handler.signInInput": {
            "type": "object",
            "required": [
                "email",
                "password"
            ],
            "properties": {
                "email": {
                    "type": "string"
                },
                "password": {
                    "type": "string"
                }
            }
        },
        "models.Module": {
            "type": "object",
            "required": [
                "name"
            ],
            "properties": {
                "id": {
                    "type": "integer"
                },
                "name": {
                    "type": "string"
                },
                "plant_family": {
                    "$ref": "#/definitions/models.PlantFamily"
                },
                "plant_family_id": {
                    "type": "integer"
                },
                "status": {
                    "type": "string"
                }
            }
        },
        "models.ModuleData": {
            "type": "object",
            "properties": {
                "humidity_in": {
                    "type": "number"
                },
                "humidity_out": {
                    "type": "number"
                },
                "illuminance": {
                    "type": "number"
                },
                "measurement_time": {
                    "type": "string"
                },
                "module_id": {
                    "type": "integer"
                },
                "temperature": {
                    "type": "number"
                }
            }
        },
        "models.PlantFamily": {
            "type": "object",
            "properties": {
                "description": {
                    "type": "string"
                },
                "id": {
                    "type": "integer"
                },
                "name": {
                    "type": "string"
                },
                "picture_url": {
                    "type": "string"
                },
                "recommendation": {
                    "$ref": "#/definitions/models.Recommendation"
                },
                "recommendation_id": {
                    "type": "integer"
                }
            }
        },
        "models.Recommendation": {
            "type": "object",
            "properties": {
                "description": {
                    "type": "string"
                },
                "humidity_in_max": {
                    "type": "number"
                },
                "humidity_in_min": {
                    "type": "number"
                },
                "humidity_out_max": {
                    "type": "number"
                },
                "humidity_out_min": {
                    "type": "number"
                },
                "id": {
                    "type": "integer"
                },
                "illuminance_max": {
                    "type": "number"
                },
                "illuminance_min": {
                    "type": "number"
                },
                "temperature_max": {
                    "type": "number"
                },
                "temperature_min": {
                    "type": "number"
                },
                "title": {
                    "type": "string"
                }
            }
        },
        "models.Setting": {
            "type": "object",
            "properties": {
                "humidity_in_max": {
                    "type": "number"
                },
                "humidity_in_min": {
                    "type": "number"
                },
                "humidity_out_max": {
                    "type": "number"
                },
                "humidity_out_min": {
                    "type": "number"
                },
                "illumination_max": {
                    "type": "number"
                },
                "illumination_min": {
                    "type": "number"
                },
                "module_id": {
                    "type": "integer"
                },
                "name": {
                    "type": "string"
                },
                "temperature_max": {
                    "type": "number"
                },
                "temperature_min": {
                    "type": "number"
                }
            }
        },
        "models.UpdateModuleInput": {
            "type": "object",
            "properties": {
                "name": {
                    "type": "string"
                },
                "plant_family_id": {
                    "type": "integer"
                }
            }
        },
        "models.User": {
            "type": "object",
            "properties": {
                "email": {
                    "type": "string"
                },
                "id": {
                    "type": "integer"
                },
                "isAdmin": {
                    "type": "boolean"
                },
                "passHash": {
                    "type": "string"
                },
                "status": {
                    "type": "string"
                },
                "username": {
                    "type": "string"
                }
            }
        },
        "response.Response": {
            "type": "object",
            "properties": {
                "error": {
                    "type": "string"
                },
                "status": {
                    "type": "string"
                }
            }
        }
    },
    "securityDefinitions": {
        "ApiKeyAuth": {
            "type": "apiKey",
            "name": "Authorization",
            "in": "header"
        }
    }
}